Searched Title,Matched Title,Popularity
The Witcher: Sirens of the Deep,The Witcher: Sirens of the Deep,7.7507
Watchmen: Chapter II,Watchmen: Chapter II,8.5936
Riki Rhino: The Bird Kingdom,Riki Rhino: The Bird Kingdom,0.3235
Little Emma,Little Emma,0.5029
The Casagrandes Movie,The Casagrandes Movie,3.3301
I Now Pronounce You Retro & Ellie,I Now Pronounce You Retro & Ellie,0.0729
Transformers: 40th Anniversary Event,Transformers: 40th Anniversary Event,0.6959
Mufasa: The Lion King,Mufasa: The Lion King,89.6888
Maxxie LaWow: Drag Super-shero,Maxxie LaWow: Drag Super-shero,0.3099
The Day the Earth Blew Up: A Looney Tunes Movie,The Day the Earth Blew Up: A Looney Tunes Movie,9.0139
Frida,Frida,3.2585
Kid Vampire,Kid Vampire,0.1006
No Time to Spy: A Loud House Movie,No Time to Spy: A Loud House Movie,4.3461
Mars,Mars,0.1885
Justice League: Crisis on Infinite Earths - Part Three,Justice League: Crisis on Infinite Earths Part Three,6.4142
Animal Adventures: Save the Forest,Animal Adventures: Save The Forest,5.9859
Boys Go to Jupiter,Boys Go to Jupiter,0.2568
The Car Acrobatic Team Saga,The Car Acrobatic Team Saga,0.1746
Despicable Me 4,Despicable Me 4,48.5834
Plankton: The Movie,Plankton: The Movie,32.6293
DreadClub: Vampire's Verdict,Dreadclub: Vampire's Verdict,0.0517
A Tooth Fairy Tale,A Tooth Fairy Tale,0.7285
Transformers One,Transformers One,19.5782
Inside Out 2,Inside Out 2,46.2385
Gracie and Pedro: Pets to the Rescue,Gracie & Pedro: Pets to the Rescue,4.6043
The Ballad of Straw Hat Sam,The Ballad of Straw-Hat Sam,0.077
10 Lives,10 Lives,7.8976
Moana 2,Moana 2,114.9059
Justice League: Crisis on Infinite Earths - Part Two,Justice League: Crisis on Infinite Earths Part Two,4.7807
Hello My Beautiful Creatures,,
Ugly Sweater,Ugly Sweater,0.0878
Teacher's Pet,Teacher's Pet,0.1607
Orion and the Dark,Orion and the Dark,6.0848
Shrek 5: The Contract - A Fan Made Film,,
Steal the Naughty List,Steal the Naughty List,0.3541
Piece by Piece,Piece by Piece,2.9919
Spellbound,Spellbound,10.5957
Harold and the Purple Crayon,Harold and the Purple Crayon,8.2064
Cornucopia,Cornucopia,0.0944
Nature Cat's Nature Movie Special Extraordinaire,,
The Garfield Movie,The Garfield Movie,22.3168
My Redneck Neighbor: Chapter 2 - Let the Games Begin,My Redneck Neighbor: Chapter 2 - Let the Games Begin,0.0764
Grand Theft Hamlet,Grand Theft Hamlet,1.0999
IF,IF,17.4223
Barbie and Teresa: Recipe for Friendship,Barbie & Teresa: Recipe for Friendship,2.6578
Bonk.io,,
Marcel et Monsieur Pagnol,The Magnificent Life of Marcel Pagnol,0.4898
Astra,Astra,0.1036
Ninja Doomscrolling,,
Strange Portal!,,
Rocky and Bullwinkle,Rocky and Bullwinkle,0.3195
Mobile Suit Gundam: Silver Phantom,Mobile Suit Gundam: Silver Phantom,0.0143
The Wild Robot,The Wild Robot,56.4225
Isla Monstro,Isla Monstro,0.4539
The Lord of the Rings: The War of the Rohirrim,The Lord of the Rings: The War of the Rohirrim,19.5245
Justice League: Crisis on Infinite Earths - Part One,Justice League: Crisis on Infinite Earths Part One,5.591
Fat Chance! the Movie,,
Snow White and the 7 Dwarfs,The Dwarf and the 7 Snow Whites,0.1072
The Tiger's Apprentice,The Tiger's Apprentice,3.6937
Paddington in Peru,Paddington in Peru,18.4068
Sabbath Queen,Sabbath Queen,0.3226
Hitpig,Hitpig!,1.4472
Nothing Unusual,Nothing Unusual,0.0453
The Glassworker,The Glassworker,4.6143
Isle: Alpha One,,
Kung Fu Panda 4,Kung Fu Panda 4,46.5899
Tobias and the Arcane Merchant,Tobias And The Arcane Merchant,0.0889
Big City Greens the Movie: Spacecation,Big City Greens the Movie: Spacecation,4.4924
Dog Man,Dog Man,25.7526
Thelma the Unicorn,Thelma the Unicorn,5.0535
Inanimate Insanity II: The Movie,,
Look Back,Don't Look Back,1.3023
Ultraman: Rising,Ultraman: Rising,4.55
Watchmen: Chapter I,Watchmen: Chapter II,8.5936
